co_acesso,codigo,dt_ini_operacao,ic_participa_compe,ispb,no_extenso,nome
RSFN,1.0,"time.struct_time(tm_year=2002, tm_mon=4, tm_mday=22, tm_hour=0, tm_min=0, tm_sec=0, tm_wday=0, tm_yday=112, tm_isdst=-1)",Sim,0,Banco do Brasil S.A.,BCO DO BRASIL S.A.
RSFN,70.0,"time.struct_time(tm_year=2002, tm_mon=4, tm_mday=22, tm_hour=0, tm_min=0, tm_sec=0, tm_wday=0, tm_yday=112, tm_isdst=-1)",Sim,208,Banco de Brasília S.A.,BRB - BCO DE BRASILIA S.A.
RSFN,,"time.struct_time(tm_year=2002, tm_mon=4, tm_mday=22, tm_hour=0, tm_min=0, tm_sec=0, tm_wday=0, tm_yday=112, tm_isdst=-1)",Não,38121,Banco Central do Brasil - Selic,Selic
RSFN,,"time.struct_time(tm_year=2002, tm_mon=4, tm_mday=22, tm_hour=0, tm_min=0, tm_sec=0, tm_wday=0, tm_yday=112, tm_isdst=-1)",Não,38166,Banco Central do Brasil,Bacen
RSFN,735.0,"time.struct_time(tm_year=2002, tm_mon=4, tm_mday=22, tm_hour=0, tm_min=0, tm_sec=0, tm_wday=0, tm_yday=112, tm_isdst=-1)",Sim,253448,Banco Neon S.A.,BANCO NEON S.A.
RSFN,136.0,"time.struct_time(tm_year=2014, tm_mon=7, tm_mday=28, tm_hour=0, tm_min=0, tm_sec=0, tm_wday=0, tm_yday=209, tm_isdst=-1)",Sim,315557,Confederação Nacional das Cooperativas Centrais Unicred Ltda – Unicred do Brasil,CONF NAC COOP CENTRAIS UNICRED
RSFN,104.0,"time.struct_time(tm_year=2002, tm_mon=4, tm_mday=22, tm_hour=0, tm_min=0, tm_sec=0, tm_wday=0, tm_yday=112, tm_isdst=-1)",Sim,360305,Caixa Econômica Federal,CAIXA ECONOMICA FEDERAL
RSFN,,"time.struct_time(tm_year=2002, tm_mon=4, tm_mday=22, tm_hour=0, tm_min=0, tm_sec=0, tm_wday=0, tm_yday=112, tm_isdst=-1)",Não,394460,Secretaria do Tesouro Nacional - STN,STN
RSFN,77.0,"time.struct_time(tm_year=2008, tm_mon=8, tm_mday=15, tm_hour=0, tm_min=0, tm_sec=0, tm_wday=4, tm_yday=228, tm_isdst=-1)",Sim,416968,Banco Inter S.A.,BANCO INTER
RSFN,741.0,"time.struct_time(tm_year=2002, tm_mon=4, tm_mday=22, tm_hour=0, tm_min=0, tm_sec=0, tm_wday=0, tm_yday=112, tm_isdst=-1)",Sim,517645,Banco Ribeirão Preto S.A.,BCO RIBEIRAO PRETO S.A.
RSFN,739.0,"time.struct_time(tm_year=2002, tm_mon=4, tm_mday=22, tm_hour=0, tm_min=0, tm_sec=0, tm_wday=0, tm_yday=112, tm_isdst=-1)",Sim,558456,Banco Cetelem S.A.,BCO CETELEM S.A.
RSFN,743.0,"time.struct_time(tm_year=2002, tm_mon=4, tm_mday=22, tm_hour=0, tm_min=0, tm_sec=0, tm_wday=0, tm_yday=112, tm_isdst=-1)",Sim,795423,Banco Semear S.A.,BANCO SEMEAR
RSFN,100.0,"time.struct_time(tm_year=2011, tm_mon=4, tm_mday=27, tm_hour=0, tm_min=0, tm_sec=0, tm_wday=2, tm_yday=117, tm_isdst=-1)",Não,806535,Planner Corretora de Valores S.A.,PLANNER CV S.A.
RSFN,96.0,"time.struct_time(tm_year=2004, tm_mon=11, tm_mday=12, tm_hour=0, tm_min=0, tm_sec=0, tm_wday=4, tm_yday=317, tm_isdst=-1)",Não,997185,Banco BMFBovespa de Serviços de Liquidação e Custódia S/A,BANCO BM&FBOVESPA
RSFN,747.0,"time.struct_time(tm_year=2002, tm_mon=4, tm_mday=22, tm_hour=0, tm_min=0, tm_sec=0, tm_wday=0, tm_yday=112, tm_isdst=-1)",Sim,1023570,Banco Rabobank International Brasil S.A.,BCO RABOBANK INTL BRASIL S.A.
RSFN,748.0,"time.struct_time(tm_year=2002, tm_mon=4, tm_mday=22, tm_hour=0, tm_min=0, tm_sec=0, tm_wday=0, tm_yday=112, tm_isdst=-1)",Sim,1181521,Banco Cooperativo Sicredi S. A.,BCO COOPERATIVO SICREDI S.A.
RSFN,752.0,"time.struct_time(tm_year=2002, tm_mon=4, tm_mday=22, tm_hour=0, tm_min=0, tm_sec=0, tm_wday=0, tm_yday=112, tm_isdst=-1)",Sim,1522368,Banco BNP Paribas Brasil S.A.,BCO BNP PARIBAS BRASIL S A
RSFN,91.0,"time.struct_time(tm_year=2010, tm_mon=11, tm_mday=22, tm_hour=0, tm_min=0, tm_sec=0, tm_wday=0, tm_yday=326, tm_isdst=-1)",Não,1634601,Central de Cooperativas de Economia e Crédito Mútuo do Est RS - Unicred,CCCM UNICRED CENTRAL RS
RSFN,399.0,"time.struct_time(tm_year=2002, tm_mon=4, tm_mday=22, tm_hour=0, tm_min=0, tm_sec=0, tm_wday=0, tm_yday=112, tm_isdst=-1)",Sim,1701201,Kirton Bank S.A. - Banco Múltiplo,KIRTON BANK
RSFN,108.0,"time.struct_time(tm_year=2011, tm_mon=11, tm_mday=3, tm_hour=0, tm_min=0, tm_sec=0, tm_wday=3, tm_yday=307, tm_isdst=-1)",Não,1800019,"PortoCred S.A. Crédito, Financiamento e Investimento",PORTOCRED S.A. - CFI
RSFN,756.0,"time.struct_time(tm_year=2002, tm_mon=4, tm_mday=22, tm_hour=0, tm_min=0, tm_sec=0, tm_wday=0, tm_yday=112, tm_isdst=-1)",Sim,2038232,Banco Cooperativo do Brasil S/A - Bancoob,BANCOOB
RSFN,757.0,"time.struct_time(tm_year=2002, tm_mon=4, tm_mday=22, tm_hour=0, tm_min=0, tm_sec=0, tm_wday=0, tm_yday=112, tm_isdst=-1)",Sim,2318507,Banco Keb Hana do Brasil S. A.,BCO KEB HANA DO BRASIL S.A.
RSFN,102.0,"time.struct_time(tm_year=2011, tm_mon=11, tm_mday=22, tm_hour=0, tm_min=0, tm_sec=0, tm_wday=1, tm_yday=326, tm_isdst=-1)",Não,2332886,XP Investimentos Corretora de Câmbio Títulos e Valores Mobiliários S.A.,XP INVESTIMENTOS CCTVM S/A
RSFN,84.0,"time.struct_time(tm_year=2009, tm_mon=11, tm_mday=24, tm_hour=0, tm_min=0, tm_sec=0, tm_wday=1, tm_yday=328, tm_isdst=-1)",Sim,2398976,Uniprime Norte do Paraná - Cooperativa de Crédito Ltda.,UNIPRIME NORTE DO PARANÁ - CC
RSFN,180.0,"time.struct_time(tm_year=2017, tm_mon=1, tm_mday=20, tm_hour=0, tm_min=0, tm_sec=0, tm_wday=4, tm_yday=20, tm_isdst=-1)",Não,2685483,"CM Capital Markets Corretora de Câmbio, Títulos e Valores Mobiliários Ltda.",CM CAPITAL MARKETS CCTVM LTDA
RSFN,66.0,"time.struct_time(tm_year=2002, tm_mon=4, tm_mday=22, tm_hour=0, tm_min=0, tm_sec=0, tm_wday=0, tm_yday=112, tm_isdst=-1)",Não,2801938,Banco Morgan Stanley S. A.,BCO MORGAN STANLEY S.A.
RSFN,15.0,"time.struct_time(tm_year=2011, tm_mon=3, tm_mday=15, tm_hour=0, tm_min=0, tm_sec=0, tm_wday=1, tm_yday=74, tm_isdst=-1)",Não,2819125,"UBS Brasil Corretora de Câmbio, Títulos e Valores Mobiliários S.A.",UBS BRASIL CCTVM S.A.
Internet,143.0,"time.struct_time(tm_year=2015, tm_mon=8, tm_mday=24, tm_hour=0, tm_min=0, tm_sec=0, tm_wday=0, tm_yday=236, tm_isdst=-1)",Não,2992317,Treviso Corretora de Câmbio S.A.,TREVISO CC S.A.
RSFN,,"time.struct_time(tm_year=2004, tm_mon=2, tm_mday=13, tm_hour=0, tm_min=0, tm_sec=0, tm_wday=4, tm_yday=44, tm_isdst=-1)",Não,2992335,Câmara Interbancária de Pagamentos - CIP - LDL,CIP Siloc
RSFN,62.0,"time.struct_time(tm_year=2002, tm_mon=4, tm_mday=22, tm_hour=0, tm_min=0, tm_sec=0, tm_wday=0, tm_yday=112, tm_isdst=-1)",Sim,3012230,Hipercard Banco Múltiplo S.A.,HIPERCARD BM S.A.
RSFN,74.0,"time.struct_time(tm_year=2004, tm_mon=8, tm_mday=26, tm_hour=0, tm_min=0, tm_sec=0, tm_wday=3, tm_yday=239, tm_isdst=-1)",Sim,3017677,Banco J. Safra S.A.,BCO. J.SAFRA S.A.
RSFN,99.0,"time.struct_time(tm_year=2011, tm_mon=1, tm_mday=11, tm_hour=0, tm_min=0, tm_sec=0, tm_wday=1, tm_yday=11, tm_isdst=-1)",Sim,3046391,Uniprime Central – Central Interestadual de Cooperativas de Crédito Ltda.,UNIPRIME CENTRAL CCC LTDA.
RSFN,25.0,"time.struct_time(tm_year=2002, tm_mon=4, tm_mday=22, tm_hour=0, tm_min=0, tm_sec=0, tm_wday=0, tm_yday=112, tm_isdst=-1)",Sim,3323840,Banco Alfa S.A.,BCO ALFA S.A.
RSFN,75.0,"time.struct_time(tm_year=2005, tm_mon=11, tm_mday=11, tm_hour=0, tm_min=0, tm_sec=0, tm_wday=4, tm_yday=315, tm_isdst=-1)",Não,3532415,Banco ABN Amro S.A.,BCO ABN AMRO S.A.
RSFN,40.0,"time.struct_time(tm_year=2002, tm_mon=4, tm_mday=22, tm_hour=0, tm_min=0, tm_sec=0, tm_wday=0, tm_yday=112, tm_isdst=-1)",Sim,3609817,Banco Cargill S.A.,BCO CARGILL S.A.
RSFN,190.0,"time.struct_time(tm_year=2017, tm_mon=10, tm_mday=16, tm_hour=0, tm_min=0, tm_sec=0, tm_wday=0, tm_yday=289, tm_isdst=-1)",Não,3973814,Cooperativa de Economia e Crédito Mútuo dos Servidores Públicos Estaduais do Rio,SERVICOOP
RSFN,63.0,"time.struct_time(tm_year=2002, tm_mon=4, tm_mday=22, tm_hour=0, tm_min=0, tm_sec=0, tm_wday=0, tm_yday=112, tm_isdst=-1)",Sim,4184779,Banco Bradescard S.A.,BANCO BRADESCARD
RSFN,191.0,"time.struct_time(tm_year=2017, tm_mon=6, tm_mday=22, tm_hour=0, tm_min=0, tm_sec=0, tm_wday=3, tm_yday=173, tm_isdst=-1)",Não,4257795,Nova Futura Corretora de Títulos e Valores Mobiliários Ltda.,NOVA FUTURA CTVM LTDA.
RSFN,64.0,"time.struct_time(tm_year=2002, tm_mon=4, tm_mday=22, tm_hour=0, tm_min=0, tm_sec=0, tm_wday=0, tm_yday=112, tm_isdst=-1)",Não,4332281,Goldman Sachs do Brasil  Banco Múltiplo S. A.,GOLDMAN SACHS DO BRASIL BM S.A
RSFN,,"time.struct_time(tm_year=2002, tm_mon=11, tm_mday=27, tm_hour=0, tm_min=0, tm_sec=0, tm_wday=2, tm_yday=331, tm_isdst=-1)",Não,4391007,Câmara Interbancária de Pagamentos,CIP Sitraf
RSFN,97.0,"time.struct_time(tm_year=2011, tm_mon=2, tm_mday=8, tm_hour=0, tm_min=0, tm_sec=0, tm_wday=1, tm_yday=39, tm_isdst=-1)",Sim,4632856,Cooperativa Central de Crédito Noroeste Brasileiro Ltda - CentralCredi,CCC NOROESTE BRASILEIRO LTDA.
RSFN,16.0,"time.struct_time(tm_year=2012, tm_mon=5, tm_mday=8, tm_hour=0, tm_min=0, tm_sec=0, tm_wday=1, tm_yday=129, tm_isdst=-1)",Não,4715685,Coop de Créd. Mútuo dos Despachantes de Trânsito de SC e Rio Grande do Sul,CCM DESP TRÂNS SC E RS
RSFN,12.0,"time.struct_time(tm_year=2017, tm_mon=5, tm_mday=4, tm_hour=0, tm_min=0, tm_sec=0, tm_wday=3, tm_yday=124, tm_isdst=-1)",Não,4866275,Banco Inbursa S.A.,BANCO INBURSA
RSFN,3.0,"time.struct_time(tm_year=2002, tm_mon=4, tm_mday=22, tm_hour=0, tm_min=0, tm_sec=0, tm_wday=0, tm_yday=112, tm_isdst=-1)",Sim,4902979,Banco da Amazônia S.A.,BCO DA AMAZONIA S.A.
Internet,60.0,"time.struct_time(tm_year=2010, tm_mon=9, tm_mday=21, tm_hour=0, tm_min=0, tm_sec=0, tm_wday=1, tm_yday=264, tm_isdst=-1)",Não,4913129,Confidence Corretora de Câmbio S.A.,CONFIDENCE CC S.A.
RSFN,37.0,"time.struct_time(tm_year=2002, tm_mon=4, tm_mday=22, tm_hour=0, tm_min=0, tm_sec=0, tm_wday=0, tm_yday=112, tm_isdst=-1)",Sim,4913711,Banco do Estado do Pará S.A.,BCO DO EST. DO PA S.A.
Internet,159.0,"time.struct_time(tm_year=2017, tm_mon=9, tm_mday=4, tm_hour=0, tm_min=0, tm_sec=0, tm_wday=0, tm_yday=247, tm_isdst=-1)",Não,5442029,Casa do Crédito S.A. Sociedade de Crédito ao Microempreendedor,CASA CREDITO S.A. SCM
Internet,172.0,"time.struct_time(tm_year=2017, tm_mon=9, tm_mday=14, tm_hour=0, tm_min=0, tm_sec=0, tm_wday=3, tm_yday=257, tm_isdst=-1)",Não,5452073,Albatross Corretora de Câmbio e Valores S.A,ALBATROSS CCV S.A
RSFN,85.0,"time.struct_time(tm_year=2010, tm_mon=5, tm_mday=17, tm_hour=0, tm_min=0, tm_sec=0, tm_wday=0, tm_yday=137, tm_isdst=-1)",Sim,5463212,Cooperativa Central de Crédito Urbano - Cecred,CCC CECRED
RSFN,114.0,"time.struct_time(tm_year=2011, tm_mon=10, tm_mday=27, tm_hour=0, tm_min=0, tm_sec=0, tm_wday=3, tm_yday=300, tm_isdst=-1)",Sim,5790149,Central Cooperativa de Crédito no Estado do Espírito Santo - CECOOP,CENTRAL COOPERATIVA DE CRÉDITO NO ESTADO DO ESPÍRITO SANTO
RSFN,36.0,"time.struct_time(tm_year=2002, tm_mon=4, tm_mday=22, tm_hour=0, tm_min=0, tm_sec=0, tm_wday=0, tm_yday=112, tm_isdst=-1)",Sim,6271464,Banco Bradesco BBI S.A.,BCO BBI S.A.
RSFN,394.0,"time.struct_time(tm_year=2002, tm_mon=4, tm_mday=22, tm_hour=0, tm_min=0, tm_sec=0, tm_wday=0, tm_yday=112, tm_isdst=-1)",Sim,7207996,Banco Bradesco Financiamentos S.A.,BCO BRADESCO FINANC. S.A.
RSFN,4.0,"time.struct_time(tm_year=2002, tm_mon=4, tm_mday=22, tm_hour=0, tm_min=0, tm_sec=0, tm_wday=0, tm_yday=112, tm_isdst=-1)",Sim,7237373,Banco do Nordeste do Brasil S.A.,BCO DO NORDESTE DO BRASIL S.A.
RSFN,320.0,"time.struct_time(tm_year=2002, tm_mon=4, tm_mday=22, tm_hour=0, tm_min=0, tm_sec=0, tm_wday=0, tm_yday=112, tm_isdst=-1)",Sim,7450604,China Construction Bank (Brasil) Banco Múltiplo S/A,BCO CCB BRASIL S.A.
RSFN,189.0,"time.struct_time(tm_year=2017, tm_mon=6, tm_mday=5, tm_hour=0, tm_min=0, tm_sec=0, tm_wday=0, tm_yday=156, tm_isdst=-1)",Não,7512441,"HS Financeira S/A Crédito, Financiamento e Investimentos",HS FINANCEIRA
RSFN,105.0,"time.struct_time(tm_year=2011, tm_mon=12, tm_mday=27, tm_hour=0, tm_min=0, tm_sec=0, tm_wday=1, tm_yday=361, tm_isdst=-1)",Não,7652226,"Lecca Crédito, Financiamento e Investimento S/A",LECCA CFI S.A.
RSFN,76.0,"time.struct_time(tm_year=2006, tm_mon=4, tm_mday=10, tm_hour=0, tm_min=0, tm_sec=0, tm_wday=0, tm_yday=100, tm_isdst=-1)",Não,7656500,Banco KDB do Brasil S.A.,BCO KDB BRASIL S.A.
RSFN,82.0,"time.struct_time(tm_year=2009, tm_mon=6, tm_mday=12, tm_hour=0, tm_min=0, tm_sec=0, tm_wday=4, tm_yday=163, tm_isdst=-1)",Não,7679404,Banco Topazio S.A.,BANCO TOPÁZIO S.A.
RSFN,93.0,"time.struct_time(tm_year=2010, tm_mon=11, tm_mday=9, tm_hour=0, tm_min=0, tm_sec=0, tm_wday=1, tm_yday=313, tm_isdst=-1)",Não,7945233,Pólocred Sociedade de Crédito ao Microempreendedor e à Empresa de Pequeno Porte,PÓLOCRED SCMEPP LTDA.
RSFN,157.0,"time.struct_time(tm_year=2016, tm_mon=2, tm_mday=12, tm_hour=0, tm_min=0, tm_sec=0, tm_wday=4, tm_yday=43, tm_isdst=-1)",Não,9105360,ICAP do Brasil Corretora de Títulos e Valores Mobiliários Ltda.,ICAP DO BRASIL CTVM LTDA.
Internet,183.0,"time.struct_time(tm_year=2017, tm_mon=6, tm_mday=12, tm_hour=0, tm_min=0, tm_sec=0, tm_wday=0, tm_yday=163, tm_isdst=-1)",Não,9210106,Socred S.A. - Sociedade de Crédito ao Microempreendedor,SOCRED S.A. SCM
RSFN,14.0,"time.struct_time(tm_year=2008, tm_mon=8, tm_mday=8, tm_hour=0, tm_min=0, tm_sec=0, tm_wday=4, tm_yday=221, tm_isdst=-1)",Não,9274232,Natixis Brasil S.A. Banco Múltiplo,NATIXIS BRASIL S.A. BM
RSFN,130.0,"time.struct_time(tm_year=2013, tm_mon=8, tm_mday=12, tm_hour=0, tm_min=0, tm_sec=0, tm_wday=0, tm_yday=224, tm_isdst=-1)",Não,9313766,"Caruana S.A. Sociedade de Crédito, Financiamento e Investimento",CARUANA SCFI
Internet,127.0,"time.struct_time(tm_year=2012, tm_mon=11, tm_mday=9, tm_hour=0, tm_min=0, tm_sec=0, tm_wday=4, tm_yday=314, tm_isdst=-1)",Não,9512542,Codepe Corretora de Valores e Câmbio S.A.,CODEPE CVC S.A.
RSFN,79.0,"time.struct_time(tm_year=2008, tm_mon=7, tm_mday=25, tm_hour=0, tm_min=0, tm_sec=0, tm_wday=4, tm_yday=207, tm_isdst=-1)",Sim,9516419,Banco Original do Agronegócio S.A.,BCO ORIGINAL DO AGRO S/A
RSFN,81.0,"time.struct_time(tm_year=2008, tm_mon=10, tm_mday=24, tm_hour=0, tm_min=0, tm_sec=0, tm_wday=4, tm_yday=298, tm_isdst=-1)",Não,10264663,BBN Banco Brasileiro de Negocios S.A.,BBN BCO BRASILEIRO DE NEGOCIOS S.A.
RSFN,133.0,"time.struct_time(tm_year=2016, tm_mon=5, tm_mday=2, tm_hour=0, tm_min=0, tm_sec=0, tm_wday=0, tm_yday=123, tm_isdst=-1)",Sim,10398952,Confederação Nacional das Cooperativas Centrais de Crédito e Economia Familiar e,CRESOL CONFEDERAÇÃO
RSFN,121.0,"time.struct_time(tm_year=2012, tm_mon=4, tm_mday=4, tm_hour=0, tm_min=0, tm_sec=0, tm_wday=2, tm_yday=95, tm_isdst=-1)",Sim,10664513,Banco Agibank S.A.,BCO AGIBANK S.A.
RSFN,83.0,"time.struct_time(tm_year=2009, tm_mon=7, tm_mday=14, tm_hour=0, tm_min=0, tm_sec=0, tm_wday=1, tm_yday=195, tm_isdst=-1)",Sim,10690848,Banco da China Brasil S.A.,BCO DA CHINA BRASIL S.A.
Internet,138.0,"time.struct_time(tm_year=2014, tm_mon=7, tm_mday=14, tm_hour=0, tm_min=0, tm_sec=0, tm_wday=0, tm_yday=195, tm_isdst=-1)",Não,10853017,Get Money Corretora de Câmbio S.A.,GET MONEY CC LTDA
RSFN,24.0,"time.struct_time(tm_year=2002, tm_mon=4, tm_mday=22, tm_hour=0, tm_min=0, tm_sec=0, tm_wday=0, tm_yday=112, tm_isdst=-1)",Não,10866788,Banco Bandepe S.A.,BCO BANDEPE S.A.
RSFN,95.0,"time.struct_time(tm_year=2010, tm_mon=6, tm_mday=22, tm_hour=0, tm_min=0, tm_sec=0, tm_wday=1, tm_yday=173, tm_isdst=-1)",Não,11703662,Banco Confidence de Câmbio S.A.,BCO CONFIDENCE DE CÂMBIO S.A.
RSFN,94.0,"time.struct_time(tm_year=2010, tm_mon=8, tm_mday=23, tm_hour=0, tm_min=0, tm_sec=0, tm_wday=0, tm_yday=235, tm_isdst=-1)",Sim,11758741,Banco Finaxis S.A.,BANCO FINAXIS
RSFN,118.0,"time.struct_time(tm_year=2011, tm_mon=9, tm_mday=26, tm_hour=0, tm_min=0, tm_sec=0, tm_wday=0, tm_yday=269, tm_isdst=-1)",Não,11932017,Standard Chartered Bank (Brasil) S.A. Banco de Investimento,STANDARD CHARTERED BI S.A.
Internet,137.0,"time.struct_time(tm_year=2014, tm_mon=11, tm_mday=26, tm_hour=0, tm_min=0, tm_sec=0, tm_wday=2, tm_yday=330, tm_isdst=-1)",Não,12586596,Multimoney Corretora de Câmbio Ltda,MULTIMONEY CC LTDA.
RSFN,92.0,"time.struct_time(tm_year=2010, tm_mon=7, tm_mday=1, tm_hour=0, tm_min=0, tm_sec=0, tm_wday=3, tm_yday=182, tm_isdst=-1)",Não,12865507,"BRK S.A. Crédito, Financiamento e Investimento",BRK S.A. CFI
RSFN,47.0,"time.struct_time(tm_year=2002, tm_mon=4, tm_mday=22, tm_hour=0, tm_min=0, tm_sec=0, tm_wday=0, tm_yday=112, tm_isdst=-1)",Sim,13009717,Banco do Estado de Sergipe S.A.,BCO DO EST. DE SE S.A.
RSFN,144.0,"time.struct_time(tm_year=2016, tm_mon=5, tm_mday=23, tm_hour=0, tm_min=0, tm_sec=0, tm_wday=0, tm_yday=144, tm_isdst=-1)",Não,13059145,Bexs Banco de Câmbio S.A.,BEXS BCO DE CAMBIO S.A.
RSFN,126.0,"time.struct_time(tm_year=2013, tm_mon=1, tm_mday=4, tm_hour=0, tm_min=0, tm_sec=0, tm_wday=4, tm_yday=4, tm_isdst=-1)",Não,13220493,BR Partners Banco de Investimento S.A.,BR PARTNERS BI
RSFN,173.0,"time.struct_time(tm_year=2016, tm_mon=11, tm_mday=28, tm_hour=0, tm_min=0, tm_sec=0, tm_wday=0, tm_yday=333, tm_isdst=-1)",Não,13486793,BRL Trust Distribuidora de Títulos e Valores Mobiliários S.A.,BRL TRUST DTVM SA
RSFN,119.0,"time.struct_time(tm_year=2011, tm_mon=10, tm_mday=10, tm_hour=0, tm_min=0, tm_sec=0, tm_wday=0, tm_yday=283, tm_isdst=-1)",Não,13720915,Banco Western Union do Brasil S.A.,BCO WESTERN UNION
RSFN,254.0,"time.struct_time(tm_year=2002, tm_mon=4, tm_mday=22, tm_hour=0, tm_min=0, tm_sec=0, tm_wday=0, tm_yday=112, tm_isdst=-1)",Sim,14388334,Parana Banco S. A.,PARANA BCO S.A.
RSFN,268.0,"time.struct_time(tm_year=2017, tm_mon=12, tm_mday=21, tm_hour=0, tm_min=0, tm_sec=0, tm_wday=3, tm_yday=355, tm_isdst=-1)",Não,14511781,Barigui Companhia Hipotecária,BARIGUI CH
RSFN,107.0,"time.struct_time(tm_year=2002, tm_mon=4, tm_mday=22, tm_hour=0, tm_min=0, tm_sec=0, tm_wday=0, tm_yday=112, tm_isdst=-1)",Sim,15114366,Banco Bocom BBM S.A.,BCO BOCOM BBM S.A.
RSFN,412.0,"time.struct_time(tm_year=2002, tm_mon=4, tm_mday=22, tm_hour=0, tm_min=0, tm_sec=0, tm_wday=0, tm_yday=112, tm_isdst=-1)",Sim,15173776,Banco Capital S. A.,BCO CAPITAL S.A.
RSFN,124.0,"time.struct_time(tm_year=2012, tm_mon=8, tm_mday=9, tm_hour=0, tm_min=0, tm_sec=0, tm_wday=3, tm_yday=222, tm_isdst=-1)",Sim,15357060,Banco Woori Bank do Brasil S.A.,BCO WOORI BANK DO BRASIL S.A.
RSFN,149.0,"time.struct_time(tm_year=2015, tm_mon=7, tm_mday=8, tm_hour=0, tm_min=0, tm_sec=0, tm_wday=2, tm_yday=189, tm_isdst=-1)",Não,15581638,Facta Financeira S.A. - Crédito Financiamento e Investimento,FACTA S.A. CFI
RSFN,197.0,"time.struct_time(tm_year=2017, tm_mon=10, tm_mday=18, tm_hour=0, tm_min=0, tm_sec=0, tm_wday=2, tm_yday=291, tm_isdst=-1)",Não,16501555,Stone Pagamentos S.A.,STONE PAGAMENTOS S.A.
RSFN,142.0,"time.struct_time(tm_year=2015, tm_mon=6, tm_mday=23, tm_hour=0, tm_min=0, tm_sec=0, tm_wday=1, tm_yday=174, tm_isdst=-1)",Não,16944141,Broker Brasil Corretora de Câmbio Ltda.,BROKER BRASIL CC LTDA.
RSFN,389.0,"time.struct_time(tm_year=2002, tm_mon=4, tm_mday=22, tm_hour=0, tm_min=0, tm_sec=0, tm_wday=0, tm_yday=112, tm_isdst=-1)",Sim,17184037,Banco Mercantil do Brasil S.A.,BCO MERCANTIL DO BRASIL S.A.
RSFN,184.0,"time.struct_time(tm_year=2002, tm_mon=4, tm_mday=22, tm_hour=0, tm_min=0, tm_sec=0, tm_wday=0, tm_yday=112, tm_isdst=-1)",Não,17298092,Banco Itaú BBA S.A.,BCO ITAÚ BBA S.A.
RSFN,634.0,"time.struct_time(tm_year=2002, tm_mon=4, tm_mday=22, tm_hour=0, tm_min=0, tm_sec=0, tm_wday=0, tm_yday=112, tm_isdst=-1)",Sim,17351180,Banco Triângulo S.A.,BCO TRIANGULO S.A.
Internet,545.0,"time.struct_time(tm_year=2010, tm_mon=9, tm_mday=27, tm_hour=0, tm_min=0, tm_sec=0, tm_wday=0, tm_yday=270, tm_isdst=-1)",Não,17352220,Senso Corretora de Câmbio e Valores Mobiliários S.A.,SENSO CCVM S.A.
RSFN,132.0,"time.struct_time(tm_year=2013, tm_mon=9, tm_mday=26, tm_hour=0, tm_min=0, tm_sec=0, tm_wday=3, tm_yday=269, tm_isdst=-1)",Sim,17453575,ICBC do Brasil Banco Múltiplo S.A.,ICBC DO BRASIL BM S.A.
RSFN,260.0,"time.struct_time(tm_year=2017, tm_mon=10, tm_mday=10, tm_hour=0, tm_min=0, tm_sec=0, tm_wday=1, tm_yday=283, tm_isdst=-1)",Não,18236120,Nu Pagamentos S.A.,NU PAGAMENTOS S.A.
RSFN,129.0,"time.struct_time(tm_year=2014, tm_mon=3, tm_mday=12, tm_hour=0, tm_min=0, tm_sec=0, tm_wday=2, tm_yday=71, tm_isdst=-1)",Não,18520834,UBS Brasil Banco de Investimento S.A.,UBS BRASIL BI S.A.
RSFN,128.0,"time.struct_time(tm_year=2015, tm_mon=4, tm_mday=27, tm_hour=0, tm_min=0, tm_sec=0, tm_wday=0, tm_yday=117, tm_isdst=-1)",Não,19307785,MS Bank S.A. Banco de Câmbio,MS BANK S.A. BCO DE CÂMBIO
RSFN,194.0,"time.struct_time(tm_year=2017, tm_mon=10, tm_mday=25, tm_hour=0, tm_min=0, tm_sec=0, tm_wday=2, tm_yday=298, tm_isdst=-1)",Não,20155248,Parmetal Distribuidora de Títulos e Valores Mobiliários Ltda.,PARMETAL DTVM LTDA
RSFN,163.0,"time.struct_time(tm_year=2016, tm_mon=8, tm_mday=10, tm_hour=0, tm_min=0, tm_sec=0, tm_wday=2, tm_yday=223, tm_isdst=-1)",Sim,23522214,Commerzbank Brasil S.A. - Banco Múltiplo,COMMERZBANK BRASIL S.A. - BCO MÚLTIPLO
Internet,146.0,"time.struct_time(tm_year=2015, tm_mon=5, tm_mday=20, tm_hour=0, tm_min=0, tm_sec=0, tm_wday=2, tm_yday=140, tm_isdst=-1)",Não,24074692,Guitta Corretora de Câmbio Ltda.,GUITTA CC LTDA
RSFN,182.0,"time.struct_time(tm_year=2017, tm_mon=8, tm_mday=9, tm_hour=0, tm_min=0, tm_sec=0, tm_wday=2, tm_yday=221, tm_isdst=-1)",Não,27406222,"Dacasa Financeira S/A - Sociedade de Crédito, Financiamento e Investimento",DACASA FINANCEIRA S/A - SCFI
Internet,271.0,"time.struct_time(tm_year=2018, tm_mon=2, tm_mday=26, tm_hour=0, tm_min=0, tm_sec=0, tm_wday=0, tm_yday=57, tm_isdst=-1)",Não,27842177,"IB Corretora de Câmbio, Títulos e Valores Mobiliários Ltda.",IB CCTVM LTDA
RSFN,21.0,"time.struct_time(tm_year=2002, tm_mon=4, tm_mday=22, tm_hour=0, tm_min=0, tm_sec=0, tm_wday=0, tm_yday=112, tm_isdst=-1)",Sim,28127603,Banestes S.A. Banco do Estado do Espírito Santo,BCO BANESTES S.A.
RSFN,246.0,"time.struct_time(tm_year=2002, tm_mon=4, tm_mday=22, tm_hour=0, tm_min=0, tm_sec=0, tm_wday=0, tm_yday=112, tm_isdst=-1)",Sim,28195667,Banco ABC Brasil S.A.,BCO ABC BRASIL S.A.
RSFN,,"time.struct_time(tm_year=2002, tm_mon=4, tm_mday=22, tm_hour=0, tm_min=0, tm_sec=0, tm_wday=0, tm_yday=112, tm_isdst=-1)",Não,28719664,"B3 SA - Brasil, Bolsa, Balcão - Segmento Cetip UTVM",B3 Cetip
RSFN,,"time.struct_time(tm_year=2012, tm_mon=1, tm_mday=30, tm_hour=0, tm_min=0, tm_sec=0, tm_wday=0, tm_yday=30, tm_isdst=-1)",Não,29011780,Câmara Interbancária de Pagamentos - CIP C3,CIP C3
RSFN,751.0,"time.struct_time(tm_year=2002, tm_mon=4, tm_mday=22, tm_hour=0, tm_min=0, tm_sec=0, tm_wday=0, tm_yday=112, tm_isdst=-1)",Sim,29030467,Scotiabank Brasil S.A. Banco Múltiplo,SCOTIABANK BRASIL
RSFN,208.0,"time.struct_time(tm_year=2002, tm_mon=4, tm_mday=22, tm_hour=0, tm_min=0, tm_sec=0, tm_wday=0, tm_yday=112, tm_isdst=-1)",Sim,30306294,Banco BTG Pactual S.A.,BANCO BTG PACTUAL S.A.
RSFN,746.0,"time.struct_time(tm_year=2002, tm_mon=4, tm_mday=22, tm_hour=0, tm_min=0, tm_sec=0, tm_wday=0, tm_yday=112, tm_isdst=-1)",Sim,30723886,Banco Modal S.A.,BCO MODAL S.A.
RSFN,241.0,"time.struct_time(tm_year=2002, tm_mon=4, tm_mday=22, tm_hour=0, tm_min=0, tm_sec=0, tm_wday=0, tm_yday=112, tm_isdst=-1)",Sim,31597552,Banco Clássico S.A.,BCO CLASSICO S.A.
RSFN,612.0,"time.struct_time(tm_year=2002, tm_mon=4, tm_mday=22, tm_hour=0, tm_min=0, tm_sec=0, tm_wday=0, tm_yday=112, tm_isdst=-1)",Sim,31880826,Banco Guanabara S.A.,BCO GUANABARA S.A.
RSFN,604.0,"time.struct_time(tm_year=2002, tm_mon=4, tm_mday=22, tm_hour=0, tm_min=0, tm_sec=0, tm_wday=0, tm_yday=112, tm_isdst=-1)",Sim,31895683,Banco Industrial do Brasil S.A.,BCO INDUSTRIAL DO BRASIL S.A.
RSFN,505.0,"time.struct_time(tm_year=2002, tm_mon=4, tm_mday=22, tm_hour=0, tm_min=0, tm_sec=0, tm_wday=0, tm_yday=112, tm_isdst=-1)",Sim,32062580,Banco Credit Suisse (Brasil) S.A.,BCO CREDIT SUISSE (BRL) S.A.
Internet,196.0,"time.struct_time(tm_year=2017, tm_mon=9, tm_mday=11, tm_hour=0, tm_min=0, tm_sec=0, tm_wday=0, tm_yday=254, tm_isdst=-1)",Não,32648370,Fair Corretora de Câmbio S.A.,FAIR CC S.A.
RSFN,300.0,"time.struct_time(tm_year=2002, tm_mon=4, tm_mday=22, tm_hour=0, tm_min=0, tm_sec=0, tm_wday=0, tm_yday=112, tm_isdst=-1)",Sim,33042151,Banco de la Nacion Argentina,BCO LA NACION ARGENTINA
RSFN,477.0,"time.struct_time(tm_year=2002, tm_mon=4, tm_mday=22, tm_hour=0, tm_min=0, tm_sec=0, tm_wday=0, tm_yday=112, tm_isdst=-1)",Sim,33042953,Citibank N.A.,CITIBANK N.A.
RSFN,266.0,"time.struct_time(tm_year=2002, tm_mon=4, tm_mday=22, tm_hour=0, tm_min=0, tm_sec=0, tm_wday=0, tm_yday=112, tm_isdst=-1)",Sim,33132044,Banco Cédula S.A.,BCO CEDULA S.A.
RSFN,122.0,"time.struct_time(tm_year=2011, tm_mon=11, tm_mday=8, tm_hour=0, tm_min=0, tm_sec=0, tm_wday=1, tm_yday=312, tm_isdst=-1)",Sim,33147315,Banco Bradesco BERJ S.A.,BCO BRADESCO BERJ S.A.
RSFN,376.0,"time.struct_time(tm_year=2002, tm_mon=4, tm_mday=22, tm_hour=0, tm_min=0, tm_sec=0, tm_wday=0, tm_yday=112, tm_isdst=-1)",Sim,33172537,Banco J. P. Morgan S. A.,BCO J.P. MORGAN S.A.
RSFN,473.0,"time.struct_time(tm_year=2009, tm_mon=3, tm_mday=31, tm_hour=0, tm_min=0, tm_sec=0, tm_wday=1, tm_yday=90, tm_isdst=-1)",Sim,33466988,Banco Caixa Geral - Brasil S.A.,BCO CAIXA GERAL BRASIL S.A.
RSFN,745.0,"time.struct_time(tm_year=2002, tm_mon=4, tm_mday=22, tm_hour=0, tm_min=0, tm_sec=0, tm_wday=0, tm_yday=112, tm_isdst=-1)",Sim,33479023,Banco Citibank S.A.,BCO CITIBANK S.A.
RSFN,120.0,"time.struct_time(tm_year=2012, tm_mon=2, tm_mday=6, tm_hour=0, tm_min=0, tm_sec=0, tm_wday=0, tm_yday=37, tm_isdst=-1)",Sim,33603457,Banco Rodobens SA,BCO RODOBENS S.A.
RSFN,265.0,"time.struct_time(tm_year=2002, tm_mon=4, tm_mday=22, tm_hour=0, tm_min=0, tm_sec=0, tm_wday=0, tm_yday=112, tm_isdst=-1)",Sim,33644196,Banco Fator S.A.,BCO FATOR S.A.
RSFN,7.0,"time.struct_time(tm_year=2014, tm_mon=6, tm_mday=30, tm_hour=0, tm_min=0, tm_sec=0, tm_wday=0, tm_yday=181, tm_isdst=-1)",Não,33657248,Banco Nacional de Desenvolvimento Econômico e Social BNDES,BNDES
RSFN,188.0,"time.struct_time(tm_year=2017, tm_mon=7, tm_mday=28, tm_hour=0, tm_min=0, tm_sec=0, tm_wday=4, tm_yday=209, tm_isdst=-1)",Não,33775974,Ativa Investimentos S.A. Corretora de Títulos Câmbio e Valores,ATIVA S.A. INVESTIMENTOS CCTVM
RSFN,134.0,"time.struct_time(tm_year=2014, tm_mon=7, tm_mday=28, tm_hour=0, tm_min=0, tm_sec=0, tm_wday=0, tm_yday=209, tm_isdst=-1)",Não,33862244,BGC Liquidez Distribuidora de Títulos e Valores Mobiliários Ltda.,BGC LIQUIDEZ DTVM LTDA
RSFN,641.0,"time.struct_time(tm_year=2002, tm_mon=4, tm_mday=22, tm_hour=0, tm_min=0, tm_sec=0, tm_wday=0, tm_yday=112, tm_isdst=-1)",Não,33870163,Banco Alvorada S.A.,BCO ALVORADA S.A.
RSFN,719.0,"time.struct_time(tm_year=2002, tm_mon=4, tm_mday=22, tm_hour=0, tm_min=0, tm_sec=0, tm_wday=0, tm_yday=112, tm_isdst=-1)",Sim,33884941,Banif - Bco Internacional do Funchal (Brasil) S.A.,BANIF BRASIL BM S.A.
RSFN,29.0,"time.struct_time(tm_year=2002, tm_mon=4, tm_mday=22, tm_hour=0, tm_min=0, tm_sec=0, tm_wday=0, tm_yday=112, tm_isdst=-1)",Não,33885724,Banco Itaú Consignado S.A.,BANCO ITAÚ CONSIGNADO S.A.
RSFN,135.0,"time.struct_time(tm_year=2016, tm_mon=5, tm_mday=2, tm_hour=0, tm_min=0, tm_sec=0, tm_wday=0, tm_yday=123, tm_isdst=-1)",Não,33918160,"Gradual Corretora de Câmbio, Títulos e Valores Mobiliários S.A.",GRADUAL CCTVM S.A.
RSFN,243.0,"time.struct_time(tm_year=2002, tm_mon=4, tm_mday=22, tm_hour=0, tm_min=0, tm_sec=0, tm_wday=0, tm_yday=112, tm_isdst=-1)",Sim,33923798,Banco Máxima S.A.,BCO MÁXIMA S.A.
RSFN,78.0,"time.struct_time(tm_year=2008, tm_mon=7, tm_mday=31, tm_hour=0, tm_min=0, tm_sec=0, tm_wday=3, tm_yday=213, tm_isdst=-1)",Não,34111187,Haitong Banco de Investimento do Brasil S.A.,HAITONG BI DO BRASIL S.A.
RSFN,111.0,"time.struct_time(tm_year=2011, tm_mon=3, tm_mday=24, tm_hour=0, tm_min=0, tm_sec=0, tm_wday=3, tm_yday=83, tm_isdst=-1)",Não,36113876,Oliveira Trust Distribuidora de Títulos e Valores Mobiliários S.A.,OLIVEIRA TRUST DTVM S.A.
RSFN,17.0,"time.struct_time(tm_year=2012, tm_mon=11, tm_mday=19, tm_hour=0, tm_min=0, tm_sec=0, tm_wday=0, tm_yday=324, tm_isdst=-1)",Sim,42272526,BNY Mellon Banco S.A.,BNY MELLON BCO S.A.
RSFN,174.0,"time.struct_time(tm_year=2017, tm_mon=11, tm_mday=21, tm_hour=0, tm_min=0, tm_sec=0, tm_wday=1, tm_yday=325, tm_isdst=-1)",Não,43180355,"Pernambucanas Financiadora S.A. Crédito, Financiamento e Investimento",PERNAMBUCANAS FINANC S.A. CFI
RSFN,495.0,"time.struct_time(tm_year=2002, tm_mon=4, tm_mday=22, tm_hour=0, tm_min=0, tm_sec=0, tm_wday=0, tm_yday=112, tm_isdst=-1)",Não,44189447,Banco de La Provincia de Buenos Aires,BCO LA PROVINCIA B AIRES BCE
RSFN,125.0,"time.struct_time(tm_year=2012, tm_mon=11, tm_mday=19, tm_hour=0, tm_min=0, tm_sec=0, tm_wday=0, tm_yday=324, tm_isdst=-1)",Sim,45246410,Brasil Plural S.A. Banco Múltiplo,BRASIL PLURAL S.A. BCO.
RSFN,488.0,"time.struct_time(tm_year=2002, tm_mon=4, tm_mday=22, tm_hour=0, tm_min=0, tm_sec=0, tm_wday=0, tm_yday=112, tm_isdst=-1)",Não,46518205,"JPMorgan Chase Bank, National Association",JPMORGAN CHASE BANK
RSFN,65.0,"time.struct_time(tm_year=2002, tm_mon=4, tm_mday=22, tm_hour=0, tm_min=0, tm_sec=0, tm_wday=0, tm_yday=112, tm_isdst=-1)",Sim,48795256,Banco AndBank (Brasil) S.A.,BCO ANDBANK S.A.
RSFN,,"time.struct_time(tm_year=2004, tm_mon=5, tm_mday=13, tm_hour=0, tm_min=0, tm_sec=0, tm_wday=3, tm_yday=134, tm_isdst=-1)",Não,49334758,"BMF Bovespa S.A. - Bolsa de Valores, Mercadorias e Futuros - Camara Ativos",BMF Ativos
RSFN,492.0,"time.struct_time(tm_year=2002, tm_mon=4, tm_mday=22, tm_hour=0, tm_min=0, tm_sec=0, tm_wday=0, tm_yday=112, tm_isdst=-1)",Não,49336860,ING Bank N.V.,ING BANK N.V.
Internet,145.0,"time.struct_time(tm_year=2015, tm_mon=6, tm_mday=16, tm_hour=0, tm_min=0, tm_sec=0, tm_wday=1, tm_yday=167, tm_isdst=-1)",Não,50579044,Levycam - Corretora de Câmbio e Valores Ltda.,LEVYCAM CCV LTDA
RSFN,250.0,"time.struct_time(tm_year=2002, tm_mon=4, tm_mday=22, tm_hour=0, tm_min=0, tm_sec=0, tm_wday=0, tm_yday=112, tm_isdst=-1)",Não,50585090,BCV - Banco de Crédito e Varejo S/A,BCV
RSFN,494.0,"time.struct_time(tm_year=2002, tm_mon=4, tm_mday=22, tm_hour=0, tm_min=0, tm_sec=0, tm_wday=0, tm_yday=112, tm_isdst=-1)",Não,51938876,Banco de La Republica Oriental del Uruguay,BCO REP ORIENTAL URUGUAY BCE
Internet,253.0,"time.struct_time(tm_year=2016, tm_mon=11, tm_mday=11, tm_hour=0, tm_min=0, tm_sec=0, tm_wday=4, tm_yday=316, tm_isdst=-1)",Não,52937216,Bexs Corretora de Câmbio S/A,BEXS CC S.A.
RSFN,269.0,"time.struct_time(tm_year=2018, tm_mon=2, tm_mday=7, tm_hour=0, tm_min=0, tm_sec=0, tm_wday=2, tm_yday=38, tm_isdst=-1)",Não,53518684,HSBC Brasil S.A. Banco de Investimento,HSBC BANCO DE INVESTIMENTO
RSFN,213.0,"time.struct_time(tm_year=2002, tm_mon=4, tm_mday=22, tm_hour=0, tm_min=0, tm_sec=0, tm_wday=0, tm_yday=112, tm_isdst=-1)",Sim,54403563,Banco Arbi S.A.,BCO ARBI S.A.
RSFN,,"time.struct_time(tm_year=2002, tm_mon=4, tm_mday=22, tm_hour=0, tm_min=0, tm_sec=0, tm_wday=0, tm_yday=112, tm_isdst=-1)",Não,54641030,"BMF Bovespa S.A. - Bolsa de Valores, Mercadorias e Futuros - Camara BMFBOVESPA",BMFBOVESPA
RSFN,139.0,"time.struct_time(tm_year=2015, tm_mon=5, tm_mday=8, tm_hour=0, tm_min=0, tm_sec=0, tm_wday=4, tm_yday=128, tm_isdst=-1)",Não,55230916,Intesa Sanpaolo Brasil S.A. - Banco Múltiplo,INTESA SANPAOLO BRASIL S.A. BM
RSFN,18.0,"time.struct_time(tm_year=2013, tm_mon=8, tm_mday=5, tm_hour=0, tm_min=0, tm_sec=0, tm_wday=0, tm_yday=217, tm_isdst=-1)",Sim,57839805,Banco Tricury S.A.,BCO TRICURY S.A.
RSFN,422.0,"time.struct_time(tm_year=2002, tm_mon=4, tm_mday=22, tm_hour=0, tm_min=0, tm_sec=0, tm_wday=0, tm_yday=112, tm_isdst=-1)",Sim,58160789,Banco Safra S.A.,BCO SAFRA S.A.
RSFN,630.0,"time.struct_time(tm_year=2002, tm_mon=4, tm_mday=22, tm_hour=0, tm_min=0, tm_sec=0, tm_wday=0, tm_yday=112, tm_isdst=-1)",Não,58497702,Banco Intercap S.A.,BCO INTERCAP S.A.
RSFN,224.0,"time.struct_time(tm_year=2002, tm_mon=4, tm_mday=22, tm_hour=0, tm_min=0, tm_sec=0, tm_wday=0, tm_yday=112, tm_isdst=-1)",Sim,58616418,Banco Fibra S.A.,BCO FIBRA S.A.
RSFN,600.0,"time.struct_time(tm_year=2002, tm_mon=4, tm_mday=22, tm_hour=0, tm_min=0, tm_sec=0, tm_wday=0, tm_yday=112, tm_isdst=-1)",Sim,59118133,Banco Luso Brasileiro S.A.,BCO LUSO BRASILEIRO S.A.
RSFN,623.0,"time.struct_time(tm_year=2002, tm_mon=4, tm_mday=22, tm_hour=0, tm_min=0, tm_sec=0, tm_wday=0, tm_yday=112, tm_isdst=-1)",Sim,59285411,Banco Pan S.A.,BANCO PAN
RSFN,204.0,"time.struct_time(tm_year=2002, tm_mon=4, tm_mday=22, tm_hour=0, tm_min=0, tm_sec=0, tm_wday=0, tm_yday=112, tm_isdst=-1)",Sim,59438325,Banco Bradesco Cartões S.A.,BCO BRADESCO CARTOES S.A.
RSFN,655.0,"time.struct_time(tm_year=2002, tm_mon=4, tm_mday=22, tm_hour=0, tm_min=0, tm_sec=0, tm_wday=0, tm_yday=112, tm_isdst=-1)",Sim,59588111,Banco Votorantim S.A.,BCO VOTORANTIM S.A.
RSFN,479.0,"time.struct_time(tm_year=2002, tm_mon=4, tm_mday=22, tm_hour=0, tm_min=0, tm_sec=0, tm_wday=0, tm_yday=112, tm_isdst=-1)",Não,60394079,Banco ItauBank S.A.,BCO ITAUBANK S.A.
RSFN,456.0,"time.struct_time(tm_year=2002, tm_mon=4, tm_mday=22, tm_hour=0, tm_min=0, tm_sec=0, tm_wday=0, tm_yday=112, tm_isdst=-1)",Sim,60498557,Banco MUFG Brasil S.A.,BCO MUFG BRASIL S.A.
RSFN,464.0,"time.struct_time(tm_year=2002, tm_mon=4, tm_mday=22, tm_hour=0, tm_min=0, tm_sec=0, tm_wday=0, tm_yday=112, tm_isdst=-1)",Sim,60518222,Banco Sumitomo Mitsui Brasileiro S.A.,BCO SUMITOMO MITSUI BRASIL S.A.
RSFN,341.0,"time.struct_time(tm_year=2002, tm_mon=4, tm_mday=22, tm_hour=0, tm_min=0, tm_sec=0, tm_wday=0, tm_yday=112, tm_isdst=-1)",Sim,60701190,Itaú Unibanco  S.A.,ITAÚ UNIBANCO BM S.A.
RSFN,237.0,"time.struct_time(tm_year=2002, tm_mon=4, tm_mday=22, tm_hour=0, tm_min=0, tm_sec=0, tm_wday=0, tm_yday=112, tm_isdst=-1)",Sim,60746948,Banco Bradesco S.A.,BCO BRADESCO S.A.
RSFN,613.0,"time.struct_time(tm_year=2002, tm_mon=4, tm_mday=22, tm_hour=0, tm_min=0, tm_sec=0, tm_wday=0, tm_yday=112, tm_isdst=-1)",Sim,60850229,Omni Banco S.A.,OMNI BANCO S.A.
RSFN,652.0,"time.struct_time(tm_year=2002, tm_mon=4, tm_mday=22, tm_hour=0, tm_min=0, tm_sec=0, tm_wday=0, tm_yday=112, tm_isdst=-1)",Sim,60872504,Itaú Unibanco Holding S.A.,ITAÚ UNIBANCO HOLDING BM S.A.
RSFN,637.0,"time.struct_time(tm_year=2002, tm_mon=4, tm_mday=22, tm_hour=0, tm_min=0, tm_sec=0, tm_wday=0, tm_yday=112, tm_isdst=-1)",Sim,60889128,Banco Sofisa S. A.,BCO SOFISA S.A.
RSFN,,"time.struct_time(tm_year=2002, tm_mon=4, tm_mday=22, tm_hour=0, tm_min=0, tm_sec=0, tm_wday=0, tm_yday=112, tm_isdst=-1)",Não,60934221,"BMF Bovespa S/A - Bolsa de Valores, Mercadorias e Futuros - Camara Cambio",BMF Câmbio
RSFN,653.0,"time.struct_time(tm_year=2002, tm_mon=4, tm_mday=22, tm_hour=0, tm_min=0, tm_sec=0, tm_wday=0, tm_yday=112, tm_isdst=-1)",Sim,61024352,Banco Indusval S. A.,BCO INDUSVAL S.A.
RSFN,69.0,"time.struct_time(tm_year=2005, tm_mon=11, tm_mday=18, tm_hour=0, tm_min=0, tm_sec=0, tm_wday=4, tm_yday=322, tm_isdst=-1)",Sim,61033106,Banco Crefisa S.A.,BCO CREFISA S.A.
RSFN,370.0,"time.struct_time(tm_year=2002, tm_mon=4, tm_mday=22, tm_hour=0, tm_min=0, tm_sec=0, tm_wday=0, tm_yday=112, tm_isdst=-1)",Não,61088183,Banco Mizuho do Brasil S.A.,BCO MIZUHO S.A.
RSFN,249.0,"time.struct_time(tm_year=2002, tm_mon=4, tm_mday=22, tm_hour=0, tm_min=0, tm_sec=0, tm_wday=0, tm_yday=112, tm_isdst=-1)",Sim,61182408,Banco Investcred Unibanco S.A.,BANCO INVESTCRED UNIBANCO S.A.
RSFN,318.0,"time.struct_time(tm_year=2002, tm_mon=4, tm_mday=22, tm_hour=0, tm_min=0, tm_sec=0, tm_wday=0, tm_yday=112, tm_isdst=-1)",Sim,61186680,Banco BMG S.A.,BCO BMG S.A.
RSFN,626.0,"time.struct_time(tm_year=2002, tm_mon=4, tm_mday=22, tm_hour=0, tm_min=0, tm_sec=0, tm_wday=0, tm_yday=112, tm_isdst=-1)",Sim,61348538,Banco Ficsa S. A.,BCO FICSA S.A.
RSFN,366.0,"time.struct_time(tm_year=2002, tm_mon=4, tm_mday=22, tm_hour=0, tm_min=0, tm_sec=0, tm_wday=0, tm_yday=112, tm_isdst=-1)",Sim,61533584,Banco Société Générale Brasil S.A.,BCO SOCIETE GENERALE BRASIL
RSFN,113.0,"time.struct_time(tm_year=2011, tm_mon=11, tm_mday=28, tm_hour=0, tm_min=0, tm_sec=0, tm_wday=0, tm_yday=332, tm_isdst=-1)",Não,61723847,Magliano S.A. Corretora de Cambio e Valores Mobiliarios,MAGLIANO S.A. CCVM
RSFN,131.0,"time.struct_time(tm_year=2013, tm_mon=7, tm_mday=15, tm_hour=0, tm_min=0, tm_sec=0, tm_wday=0, tm_yday=196, tm_isdst=-1)",Não,61747085,Tullett Prebon Brasil Corretora de Valores e Câmbio Ltda.,TULLETT PREBON BRASIL CVC LTDA
RSFN,11.0,"time.struct_time(tm_year=2011, tm_mon=6, tm_mday=28, tm_hour=0, tm_min=0, tm_sec=0, tm_wday=1, tm_yday=179, tm_isdst=-1)",Não,61809182,Credit Suisse Hedging-Griffo Corretora de Valores S.A.,C.SUISSE HEDGING-GRIFFO CV S/A
RSFN,611.0,"time.struct_time(tm_year=2002, tm_mon=4, tm_mday=22, tm_hour=0, tm_min=0, tm_sec=0, tm_wday=0, tm_yday=112, tm_isdst=-1)",Sim,61820817,Banco Paulista S.A.,BCO PAULISTA S.A.
RSFN,755.0,"time.struct_time(tm_year=2007, tm_mon=11, tm_mday=9, tm_hour=0, tm_min=0, tm_sec=0, tm_wday=4, tm_yday=313, tm_isdst=-1)",Sim,62073200,Bank of America Merrill Lynch Banco Múltiplo S.A.,BOFA MERRILL LYNCH BM S.A.
RSFN,89.0,"time.struct_time(tm_year=2010, tm_mon=8, tm_mday=30, tm_hour=0, tm_min=0, tm_sec=0, tm_wday=0, tm_yday=242, tm_isdst=-1)",Sim,62109566,Cooperativa de Crédito Rural da Região da Mogiana,CCR REG MOGIANA
RSFN,643.0,"time.struct_time(tm_year=2002, tm_mon=4, tm_mday=22, tm_hour=0, tm_min=0, tm_sec=0, tm_wday=0, tm_yday=112, tm_isdst=-1)",Sim,62144175,Banco Pine S.A.,BCO PINE S.A.
RSFN,140.0,"time.struct_time(tm_year=2015, tm_mon=5, tm_mday=26, tm_hour=0, tm_min=0, tm_sec=0, tm_wday=1, tm_yday=146, tm_isdst=-1)",Não,62169875,Easynvest - Título Corretora de Valores SA,EASYNVEST - TÍTULO CV SA
RSFN,707.0,"time.struct_time(tm_year=2002, tm_mon=4, tm_mday=22, tm_hour=0, tm_min=0, tm_sec=0, tm_wday=0, tm_yday=112, tm_isdst=-1)",Sim,62232889,Banco Daycoval S.A.,BCO DAYCOVAL S.A
RSFN,101.0,"time.struct_time(tm_year=2010, tm_mon=4, tm_mday=22, tm_hour=0, tm_min=0, tm_sec=0, tm_wday=3, tm_yday=112, tm_isdst=-1)",Não,62287735,Renascença Distribuidora de Títulos e Valores Mobiliários Ltda.,RENASCENCA DTVM LTDA
RSFN,487.0,"time.struct_time(tm_year=2002, tm_mon=4, tm_mday=22, tm_hour=0, tm_min=0, tm_sec=0, tm_wday=0, tm_yday=112, tm_isdst=-1)",Sim,62331228,Deutsche Bank S.A. - Banco Alemão,DEUTSCHE BANK S.A.BCO ALEMAO
RSFN,233.0,"time.struct_time(tm_year=2002, tm_mon=4, tm_mday=22, tm_hour=0, tm_min=0, tm_sec=0, tm_wday=0, tm_yday=112, tm_isdst=-1)",Não,62421979,Banco Cifra S.A.,BANCO CIFRA
RSFN,177.0,"time.struct_time(tm_year=2017, tm_mon=5, tm_mday=8, tm_hour=0, tm_min=0, tm_sec=0, tm_wday=0, tm_yday=128, tm_isdst=-1)",Não,65913436,Guide Investimentos S.A. Corretora de Valores,GUIDE
RSFN,633.0,"time.struct_time(tm_year=2002, tm_mon=4, tm_mday=22, tm_hour=0, tm_min=0, tm_sec=0, tm_wday=0, tm_yday=112, tm_isdst=-1)",Sim,68900810,Banco Rendimento S.A.,BCO RENDIMENTO S.A.
RSFN,218.0,"time.struct_time(tm_year=2002, tm_mon=4, tm_mday=22, tm_hour=0, tm_min=0, tm_sec=0, tm_wday=0, tm_yday=112, tm_isdst=-1)",Sim,71027866,Banco BS2 S.A.,BCO BS2 S.A.
RSFN,169.0,"time.struct_time(tm_year=2016, tm_mon=11, tm_mday=16, tm_hour=0, tm_min=0, tm_sec=0, tm_wday=2, tm_yday=321, tm_isdst=-1)",Não,71371686,Banco Olé Bonsucesso Consignado S.A.,BCO OLÉ BONSUCESSO CONSIGNADO S.A.
Internet,80.0,"time.struct_time(tm_year=2010, tm_mon=11, tm_mday=18, tm_hour=0, tm_min=0, tm_sec=0, tm_wday=3, tm_yday=322, tm_isdst=-1)",Não,73622748,BT Corretora de Câmbio Ltda.,B&T CC LTDA.
RSFN,753.0,"time.struct_time(tm_year=2002, tm_mon=4, tm_mday=22, tm_hour=0, tm_min=0, tm_sec=0, tm_wday=0, tm_yday=112, tm_isdst=-1)",Sim,74828799,Novo Banco Continental S.A. - Banco Múltiplo,NOVO BCO CONTINENTAL S.A. - BM
RSFN,222.0,"time.struct_time(tm_year=2002, tm_mon=4, tm_mday=22, tm_hour=0, tm_min=0, tm_sec=0, tm_wday=0, tm_yday=112, tm_isdst=-1)",Sim,75647891,Banco Credit Agrícole Brasil S.A.,BCO CRÉDIT AGRICOLE BR S.A.
RSFN,754.0,"time.struct_time(tm_year=2015, tm_mon=7, tm_mday=15, tm_hour=0, tm_min=0, tm_sec=0, tm_wday=2, tm_yday=196, tm_isdst=-1)",Não,76543115,Banco Sistema S.A.,BANCO SISTEMA
RSFN,98.0,"time.struct_time(tm_year=2011, tm_mon=1, tm_mday=18, tm_hour=0, tm_min=0, tm_sec=0, tm_wday=1, tm_yday=18, tm_isdst=-1)",Sim,78157146,Credialiança Cooperativa de Crédito Rural,CREDIALIANÇA CCR
RSFN,610.0,"time.struct_time(tm_year=2002, tm_mon=4, tm_mday=22, tm_hour=0, tm_min=0, tm_sec=0, tm_wday=0, tm_yday=112, tm_isdst=-1)",Sim,78626983,Banco VR S.A.,BCO VR S.A.
RSFN,712.0,"time.struct_time(tm_year=2014, tm_mon=1, tm_mday=28, tm_hour=0, tm_min=0, tm_sec=0, tm_wday=1, tm_yday=28, tm_isdst=-1)",Não,78632767,Banco Ourinvest S.A.,BCO OURINVEST S.A.
RSFN,10.0,"time.struct_time(tm_year=2012, tm_mon=12, tm_mday=10, tm_hour=0, tm_min=0, tm_sec=0, tm_wday=0, tm_yday=345, tm_isdst=-1)",Sim,81723108,Credicoamo Crédito Rural Cooperativa,CREDICOAMO
RSFN,33.0,"time.struct_time(tm_year=2002, tm_mon=4, tm_mday=22, tm_hour=0, tm_min=0, tm_sec=0, tm_wday=0, tm_yday=112, tm_isdst=-1)",Sim,90400888,Banco Santander (Brasil) S. A.,BCO SANTANDER (BRASIL) S.A.
RSFN,217.0,"time.struct_time(tm_year=2002, tm_mon=4, tm_mday=22, tm_hour=0, tm_min=0, tm_sec=0, tm_wday=0, tm_yday=112, tm_isdst=-1)",Sim,91884981,Banco John Deere S.A.,BANCO JOHN DEERE S.A.
RSFN,41.0,"time.struct_time(tm_year=2002, tm_mon=4, tm_mday=22, tm_hour=0, tm_min=0, tm_sec=0, tm_wday=0, tm_yday=112, tm_isdst=-1)",Sim,92702067,Banco do Estado do Rio Grande do Sul S.A.,BCO DO ESTADO DO RS S.A.
Internet,117.0,"time.struct_time(tm_year=2011, tm_mon=10, tm_mday=3, tm_hour=0, tm_min=0, tm_sec=0, tm_wday=0, tm_yday=276, tm_isdst=-1)",Não,92856905,Advanced Corretora de Câmbio Ltda.,ADVANCED CC LTDA
RSFN,654.0,"time.struct_time(tm_year=2002, tm_mon=4, tm_mday=22, tm_hour=0, tm_min=0, tm_sec=0, tm_wday=0, tm_yday=112, tm_isdst=-1)",Sim,92874270,Banco A. J. Renner S.A.,BCO A.J. RENNER S.A.
RSFN,212.0,"time.struct_time(tm_year=2002, tm_mon=4, tm_mday=22, tm_hour=0, tm_min=0, tm_sec=0, tm_wday=0, tm_yday=112, tm_isdst=-1)",Sim,92894922,Banco Original S.A.,BANCO ORIGINAL
